{
  "Search": [
    -0.57204887415374,
    -1.3922801313167585,
    3.15664320062462
  ],
  "Ads": [
    -0.7454013701808657,
    -1.7174729021917332,
    3.279573301303358
  ],
  "Maps": [
    -1.4113088389339064,
    -1.8954574906486052,
    3.0682933914821664
  ],
  "AI Platform": [
    0.2814764458903665,
    -0.6105736678577451,
    0.17649831354622408
  ],
  "Cloud": [
    -0.16343862648517998,
    0.5769996846867504,
    1.7288493785538719
  ],
  "Infra": [
    -0.26285462838924933,
    -0.04369075171082129,
    1.0546057001274276
  ],
  "Android": [
    -0.20892060754944708,
    -1.3146221133410214,
    0.032125798796770244
  ],
  "Chrome": [
    0.022559956433397713,
    -0.9555800224270059,
    0.279105504524048
  ],
  "YouTube": [
    0.18760241108015113,
    1.4675311249394962,
    1.5559313847260492
  ],
  "Workspace": [
    -0.5874828457518861,
    1.838651381500907,
    1.542647269749116
  ],
  "Payments": [
    0.4604705899108458,
    -1.245811410402223,
    -1.4598176208367568
  ]
}